Accuracy,Precision,Recall,F1 Score
0.0766,0.05701002825892763,0.07627317745915438,0.04313830150029986
